INSERT INTO books (id, title, author, published_year, stock, isbn) VALUES
('b1a2c3d4-e5f6-4321-a123-987654321abc', 'The Great Gatsby', 'F. Scott Fitzgerald', 1925, 5, '9780743273565'),
('b2a3c4d5-e6f7-4321-a123-987654321abc', 'To Kill a Mockingbird', 'Harper Lee', 1960, 3, '9780446310789'),
('b3a4c5d6-e7f8-4321-a123-987654321abc', '1984', 'George Orwell', 1949, 4, '9780451524935'),
('b4a5c6d7-e8f9-4321-a123-987654321abc', 'Pride and Prejudice', 'Jane Austen', 1813, 6, '9780141439518'),
('b5a6c7d8-e9f0-4321-a123-987654321abc', 'The Catcher in the Rye', 'J.D. Salinger', 1951, 3, '9780316769488'),
('b6a7c8d9-e0f1-4321-a123-987654321abc', 'The Hobbit', 'J.R.R. Tolkien', 1937, 7, '9780547928227'),
('b7a8c9d0-e1f2-4321-a123-987654321abc', 'The Da Vinci Code', 'Dan Brown', 2003, 4, '9780307474278'),
('b8a9c0d1-e2f3-4321-a123-987654321abc', 'The Alchemist', 'Paulo Coelho', 1988, 5, '9780062315007'),
('b9a0c1d2-e3f4-4321-a123-987654321abc', 'The Little Prince', 'Antoine de Saint-Exupéry', 1943, 8, '9780156012195'),
('b0a1c2d3-e4f5-4321-a123-987654321abc', 'Brave New World', 'Aldous Huxley', 1932, 4, '9780060850524'),
('c1b2d3e4-f5a6-4321-a123-987654321abc', 'The Lord of the Rings', 'J.R.R. Tolkien', 1954, 6, '9780618640157'),
('c2b3d4e5-f6a7-4321-a123-987654321abc', 'Harry Potter and the Sorcerer''s Stone', 'J.K. Rowling', 1997, 7, '9780590353427'),
('c3b4d5e6-f7a8-4321-a123-987654321abc', 'The Chronicles of Narnia', 'C.S. Lewis', 1950, 5, '9780066238501'),
('c4b5d6e7-f8a9-4321-a123-987654321abc', 'One Hundred Years of Solitude', 'Gabriel García Márquez', 1967, 3, '9780060883287'),
('c4b5d6e7-f8a9-4321-a123-987654321abc', 'The Hunger Games', 'Suzanne Collins', 2008, 6, '9780439023481'),
('c6b7d8e9-f0a1-4321-a123-987654321abc', 'The Road', 'Cormac McCarthy', 2006, 4, '9780307387899'),
('c7b8d9e0-f1a2-4321-a123-987654321abc', 'The Kite Runner', 'Khaled Hosseini', 2003, 5, '9781594631931'),
('c8b9d0e1-f2a3-4321-a123-987654321abc', 'The Girl with the Dragon Tattoo', 'Stieg Larsson', 2005, 4, '9780307949486'),
('c9b0d1e2-f3a4-4321-a123-987654321abc', 'The Book Thief', 'Markus Zusak', 2005, 6, '9780375842207'),
('c0b1d2e3-f4a5-4321-a123-987654321abc', 'Life of Pi', 'Yann Martel', 2001, 5, '9780156027328');

INSERT INTO members (name, email, phone, address) VALUES
('u1b2c3d4-e5f6-4321-a123-987654321def', 'John Doe', 'john.doe@email.com', '081234567890', '123 Main St, City'),
('u2b3c4d5-e6f7-4321-a123-987654321def', 'Jane Smith', 'jane.smith@email.com', '081234567891', '456 Oak Ave, Town'),
('u3b4c5d6-e7f8-4321-a123-987654321def', 'Robert Johnson', 'robert.j@email.com', '081234567892', '789 Pine Rd, Village'),
('u4b5c6d7-e8f9-4321-a123-987654321def', 'Mary Williams', 'mary.w@email.com', '081234567893', '321 Elm St, Borough'),
('u5b6c7d8-e9f0-4321-a123-987654321def', 'Michael Brown', 'michael.b@email.com', '081234567894', '654 Maple Dr, District'),
('u6b7c8d9-e0f1-4321-a123-987654321def', 'Sarah Davis', 'sarah.d@email.com', '081234567895', '987 Cedar Ln, County'),
('u7b8c9d0-e1f2-4321-a123-987654321def', 'James Wilson', 'james.w@email.com', '081234567896', '147 Birch Ave, State'),
('u8b9c0d1-e2f3-4321-a123-987654321def', 'Emily Taylor', 'emily.t@email.com', '081234567897', '258 Spruce St, Province'),
('u9b0c1d2-e3f4-4321-a123-987654321def', 'David Anderson', 'david.a@email.com', '081234567898', '369 Ash Rd, Territory'),
('u0b1c2d3-e4f5-4321-a123-987654321def', 'Lisa Thomas', 'lisa.t@email.com', '081234567899', '741 Walnut Ct, Region'),
('v1w2x3y4-z5a6-4321-a123-987654321def', 'Kevin Martin', 'kevin.m@email.com', '081234567800', '852 Cherry Ln, Area'),
('v2w3x4y5-z6a7-4321-a123-987654321def', 'Jennifer White', 'jennifer.w@email.com', '081234567801', '963 Palm Ave, Zone'),
('v3w4x5y6-z7a8-4321-a123-987654321def', 'Christopher Lee', 'chris.l@email.com', '081234567802', '159 Beach Rd, Sector'),
('v4w5x6y7-z8a9-4321-a123-987654321def', 'Amanda Clark', 'amanda.c@email.com', '081234567803', '357 Coast St, District'),
('v5w6x7y8-z9a0-4321-a123-987654321def', 'Daniel Martinez', 'daniel.m@email.com', '081234567804', '468 River Dr, County'),
('v6w7x8y9-z0a1-4321-a123-987654321def', 'Michelle Garcia', 'michelle.g@email.com', '081234567805', '789 Lake Ave, State'),
('v7w8x9y0-z1a2-4321-a123-987654321def', 'Andrew Robinson', 'andrew.r@email.com', '081234567806', '951 Ocean Blvd, Province'),
('v8w9x0y1-z2a3-4321-a123-987654321def', 'Patricia Rodriguez', 'patricia.r@email.com', '081234567807', '753 Bay St, Territory'),
('v9w0x1y2-z3a4-4321-a123-987654321def', 'Joseph Hall', 'joseph.h@email.com', '081234567808', '246 Harbor Rd, Region'),
('v0w1x2y3-z4a5-4321-a123-987654321def', 'Nicole King', 'nicole.k@email.com', '081234567809', '135 Port Ave, Area');

INSERT INTO borrowings (book_id, member_id, borrow_date, return_date, status) VALUES 
('b1a2c3d4-e5f6-4321-a123-987654321abc', 'u1b2c3d4-e5f6-4321-a123-987654321def', '2024-11-21', '2024-11-28', 'RETURNED'),
('b2a3c4d5-e6f7-4321-a123-987654321abc', 'u2b3c4d5-e6f7-4321-a123-987654321def', '2024-11-22', '2024-11-29', 'RETURNED'), 
('b3a4c5d6-e7f8-4321-a123-987654321abc', 'u3b4c5d6-e7f8-4321-a123-987654321def', '2024-11-23', '2024-11-30', 'RETURNED'),
('b4a5c6d7-e8f9-4321-a123-987654321abc', 'u4b5c6d7-e8f9-4321-a123-987654321def', '2024-11-24', NULL, 'BORROWED'), 
('b5a6c7d8-e9f0-4321-a123-987654321abc', 'u5b6c7d8-e9f0-4321-a123-987654321def', '2024-11-25', NULL, 'BORROWED'),
('b6a7c8d9-e0f1-4321-a123-987654321abc', 'u6b7c8d9-e0f1-4321-a123-987654321def', '2024-11-26', '2024-12-03', 'RETURNED'), 
('b7a8c9d0-e1f2-4321-a123-987654321abc', 'u7b8c9d0-e1f2-4321-a123-987654321def', '2024-11-27', NULL, 'BORROWED'),
('b8a9c0d1-e2f3-4321-a123-987654321abc', 'u8b9c0d1-e2f3-4321-a123-987654321def', '2024-11-28', '2024-12-05', 'RETURNED'), 
('b9a0c1d2-e3f4-4321-a123-987654321abc', 'u9b0c1d2-e3f4-4321-a123-987654321def', '2024-11-29', NULL, 'BORROWED'),
('b0a1c2d3-e4f5-4321-a123-987654321abc', 'u0b1c2d3-e4f5-4321-a123-987654321def', '2024-11-30', '2024-12-07', 'RETURNED'), 
('c1b2d3e4-f5a6-4321-a123-987654321abc', 'v1w2x3y4-z5a6-4321-a123-987654321def', '2024-12-01', NULL, 'BORROWED'),
('c2b3d4e5-f6a7-4321-a123-987654321abc', 'v2w3x4y5-z6a7-4321-a123-987654321def', '2024-12-02', '2024-12-09', 'RETURNED'), 
('c3b4d5e6-f7a8-4321-a123-987654321abc', 'v3w4x5y6-z7a8-4321-a123-987654321def', '2024-12-03', NULL, 'BORROWED'),
('c4b5d6e7-f8a9-4321-a123-987654321abc', 'v4w5x6y7-z8a9-4321-a123-987654321def', '2024-12-04', '2024-12-11', 'RETURNED'), 
('c5b6d7e8-f9a0-4321-a123-987654321abc', 'v5w6x7y8-z9a0-4321-a123-987654321def', '2024-12-05', NULL, 'BORROWED'),
('c6b7d8e9-f0a1-4321-a123-987654321abc', 'v6w7x8y9-z0a1-4321-a123-987654321def', '2024-12-06', '2024-12-13', 'RETURNED'), 
('c7b8d9e0-f1a2-4321-a123-987654321abc', 'v7w8x9y0-z1a2-4321-a123-987654321def', '2024-12-07', NULL, 'BORROWED'),
('c8b9d0e1-f2a3-4321-a123-987654321abc', 'v8w9x0y1-z2a3-4321-a123-987654321def', '2024-12-08', NULL, 'BORROWED'), 
('c9b0d1e2-f3a4-4321-a123-987654321abc', 'v9w0x1y2-z3a4-4321-a123-987654321def', '2024-12-09', NULL, 'BORROWED'),
('c0b1d2e3-f4a5-4321-a123-987654321abc', 'v0w1x2y3-z4a5-4321-a123-987654321def', '2024-12-10', '2024-12-17', 'RETURNED');


